{"entertainment": 0.0024783542876592847, "food_dining": 0.0016509769191239982, "gas_transport": 0.004693944204346076, "grocery_net": 0.0029481650972454456, "grocery_pos": 0.014097607531665023, "health_fitness": 0.0015486905995645036, "home": 0.0016082524468992406, "kids_pets": 0.0021143893484319018, "misc_net": 0.014457945549638947, "misc_pos": 0.003138534931893792, "personal_care": 0.002424028735758831, "shopping_net": 0.017561485703740914, "shopping_pos": 0.007225383982446517, "travel": 0.0028637025699261858, "__overall__": 0.005788651743883394}